DBN,Borough,City,Latitude,Longitude,Start_Time,End_Time,Student_Enrollment,Percent_White,Percent_Black,Percent_Hispanic,Percent_Asian,Average_SAT_Math,Average_SAT_Reading,Average_SAT_Writing,Female_Percent,Male_Percent,Disabilities_Percent,EngLearner_Percent,Poverty_Percent,Parent_Response_Rate,Teacher_Response_Rate,Instructional_Core_Satisfaction,Systems_for_Improvement_Satisfaction,School_Culture_Satisfaction,Class_Hours
01M539,Manhattan,Manhattan,40.71873,-73.97943,8.15,16,1735,28.6,13.3,18,38.5,657,601,601,51.5,48.5,3.8,0.1,28.2,55,88,79,74,84,7.75
02M294,Manhattan,Manhattan,40.71687,-73.98953,8,14.45,358,11.7,38.5,41.3,5.9,395,411,387,50.8,49.2,26,4.2,68.7,30,100,96,96,95,6.75
02M308,Manhattan,Manhattan,40.71687,-73.98953,8.3,15,383,3.1,28.2,56.9,8.6,418,428,415,70,30,30,4.2,100,26,100,86,89,87,6.5
02M545,Manhattan,Manhattan,40.71687,-73.98953,8,15.35,416,1.7,3.1,5.5,88.9,613,453,463,53.1,46.9,1.9,23.6,88.7,24,70,81,70,87,7.58333333333333
01M292,Manhattan,Manhattan,40.71376,-73.98526,8.3,15.3,255,3.9,24.4,56.6,13.2,410,406,381,37.6,62.4,32.5,11.8,89,40,81,83,80,81,7
01M696,Manhattan,Manhattan,40.71896,-73.97607,9,15.5,545,45.3,17.2,18.7,17.1,634,641,639,59.8,40.2,1.1,0,35,48,80,88,89,93,6.83333333333333
02M305,Manhattan,Manhattan,40.71687,-73.98953,8.32,15.45,329,2.7,41.9,49.2,5.8,389,395,381,58.1,41.9,18.8,3.3,82.4,19,100,78,76,80,7.21666666666667
01M509,Manhattan,Manhattan,40.72057,-73.98567,8,15.3,363,2.5,39.9,51.2,5.8,438,413,394,56.7,43.3,28.4,9.1,86,8,81,64,58,65,7.5
01M448,Manhattan,Manhattan,40.71233,-73.9848,8.15,15.15,304,3.3,25,41.1,29.9,437,355,352,37.8,62.2,22,19.4,89.5,42,100,94,92,92,7
02M543,Manhattan,Manhattan,40.71687,-73.98953,8.4,14.56,441,3.9,30.8,56.9,5.9,381,396,372,66,34,26.5,5.4,100,9,79,86,80,86,6.26666666666667
02M298,Manhattan,Manhattan,40.71641,-73.99268,9,15.15,423,1.9,28.1,45.4,13.7,430,435,427,60.5,39.5,11.6,1.2,80.9,68,100,91,88,89,6.25
02M420,Manhattan,Manhattan,40.73249,-73.98305,9,15.45,1664,7.3,18.9,50.9,22.4,452,445,430,70.3,29.7,12.4,4.3,100,45,95,88,88,88,6.75
02M399,Manhattan,Manhattan,40.73552,-73.9876,8,15.3,437,5.7,20.4,40.3,31.1,446,433,411,55.8,44.2,17.4,12.1,85.8,37,93,87,84,87,7.5
02M438,Manhattan,Manhattan,40.73552,-73.9876,8.45,15.05,353,9.9,14.2,45.3,30.6,403,330,316,43.9,56.1,4.8,86.4,87.8,31,92,94,92,90,6.33333333333333
02M407,Manhattan,Manhattan,40.73249,-73.98305,8,15,482,56.5,14.1,14.9,5.8,501,550,541,48.1,51.9,7.3,0,18.9,34,96,93,94,94,7
02M374,Manhattan,Manhattan,40.73552,-73.9876,8.15,15.3,530,5.8,42.5,44.2,3.6,446,459,455,71.1,28.9,17.5,2.1,72.6,27,80,79,72,76,7.25
02M551,Manhattan,Manhattan,40.69079,-74.01976,8.15,16,447,18.8,23.7,51.7,2.9,446,453,428,37.1,62.9,21.9,2.7,63.3,21,88,80,74,80,7.75
02M580,Manhattan,Manhattan,40.70523,-74.01332,8.3,15.2,566,2.7,31.1,58.8,6.2,411,415,409,66.3,33.7,24.2,5.1,85.3,19,69,76,75,78,6.83333333333333
02M418,Manhattan,Manhattan,40.70492,-74.01151,8.3,15,659,32.8,7.6,18.2,38.4,577,560,567,63.6,36.4,9.4,0.5,43.6,31,100,89,86,93,6.5
02M316,Manhattan,Manhattan,40.70523,-74.01332,8.35,15.3,405,2.2,52.8,39.3,3.5,418,420,417,100,0,18.5,4.4,81.5,4,50,94,88,91,6.91666666666667
02M489,Manhattan,Manhattan,40.70922,-74.01203,8.3,15.3,796,7.2,22.9,47.1,21.7,469,442,447,43.6,56.4,14.3,6,79.4,40,84,90,88,90,7
02M425,Manhattan,Manhattan,40.70915,-74.01208,8.3,14.45,699,4.4,27.9,61.9,3.9,390,396,392,57.4,42.6,20.3,6.7,75.8,24,97,88,86,88,6.25
01M450,Manhattan,Manhattan,40.72978,-73.98304,8.3,15.3,666,8.3,22.1,57.9,9.4,454,428,445,47,53,27.5,1.2,74.2,46,94,94,95,94,7
02M411,Manhattan,Manhattan,40.74405,-73.99148,8.2,14.5,451,22.8,6.2,14.9,54.8,592,526,531,59.6,40.4,10,0.2,59.6,24,42,95,89,93,6.5
02M413,Manhattan,Manhattan,40.73895,-73.98541,8.35,15.1,713,35.9,11.7,30.4,14.4,534,533,522,50.8,49.2,15.1,0.7,37.7,68,100,91,88,90,6.58333333333333
02M439,Manhattan,Manhattan,40.74149,-73.99145,8,15.2,415,7.2,9.6,67.2,7.2,522,479,510,67.5,32.5,11.3,2.7,75.9,60,63,87,73,88,7.33333333333333
02M412,Manhattan,Manhattan,40.7421,-74.00207,8,14.5,587,46,6,15.5,27.6,595,550,555,55.2,44.8,15,0.2,35.8,34,67,93,92,92,6.83333333333333
02M437,Manhattan,Manhattan,40.74289,-74.00213,8.45,15.3,483,3.3,29.2,59.4,6.4,378,407,388,33.3,66.7,22.2,8.7,81.2,12,88,88,87,87,6.75
02M392,Manhattan,Manhattan,40.74289,-74.00213,8.3,15.15,438,3.9,28.1,62.1,3.4,410,407,399,41.3,58.7,18.3,5.5,77.4,36,91,86,84,84,6.75
02M419,Manhattan,Manhattan,40.74289,-74.00213,8.45,15.2,355,1.7,24.2,68.5,3.7,386,386,386,53.2,46.8,24.5,10.4,88.5,53,100,87,87,85,6.58333333333333
02M600,Manhattan,Manhattan,40.74511,-73.99591,8,15.45,1770,3.8,36.3,53.8,5,433,442,427,93.1,6.9,13.9,2.2,82.4,29,96,89,91,88,7.75
02M414,Manhattan,Manhattan,40.7421,-74.00207,8.15,14.45,471,12.1,12.7,39.7,34.2,560,530,522,55.2,44.8,7.6,0.6,72.8,16,100,81,69,85,6.5
02M615,Manhattan,Manhattan,40.72435,-74.00476,8.3,16,439,3.2,28.9,57.4,8.2,439,418,400,39.6,60.4,19.1,2.7,87.9,37,91,88,86,89,7.5
02M376,Manhattan,Manhattan,40.72435,-74.00476,9,16,442,28.7,19.9,39.8,8.6,518,515,503,57.7,42.3,12.9,0.2,45.9,46,100,92,91,94,7
02M427,Manhattan,Manhattan,40.74611,-73.98101,9,15.4,334,1.5,4.8,91.3,2.4,350,334,321,50.6,49.4,3.3,78.4,85.3,42,60,91,90,87,6.66666666666667
02M500,Manhattan,Manhattan,40.74611,-73.98101,8.15,16,284,4.9,27.5,58.8,6,375,385,387,35.2,64.8,23.9,6.7,89.4,77,100,94,91,94,7.75
02M393,Manhattan,Manhattan,40.76336,-73.99051,8.5,15.3,449,1.6,35.4,59.5,2.2,395,386,371,27.8,72.2,22.3,7.3,100,24,97,85,84,84,6.66666666666667
02M303,Manhattan,Manhattan,40.76503,-73.99252,8.35,15,406,2.2,27.3,67.5,1.7,366,356,371,47,53,25.1,19.5,100,56,100,91,89,86,6.41666666666667
02M296,Manhattan,Manhattan,40.76503,-73.99252,9,15.45,424,1.7,21,71.2,5,451,433,424,72.2,27.8,17.5,7.8,90.1,28,97,89,91,90,6.75
02M300,Manhattan,Manhattan,40.76503,-73.99252,8,15.15,414,3.4,29.5,59.2,6,445,417,403,30.2,69.8,20.8,6.3,80.9,33,68,92,85,88,7.25
02M400,Manhattan,Manhattan,40.76776,-73.98751,8.15,15,1301,6.6,14.7,62.9,15.1,469,454,444,50.4,49.6,16.6,7.1,74.4,14,93,87,87,84,6.75
02M630,Manhattan,Manhattan,40.7654,-73.98177,8.3,16,1476,10.8,24.1,54.7,8.5,455,475,458,58.7,41.3,16.7,1.2,69.2,20,43,82,77,82,7.5
02M542,Manhattan,Manhattan,40.76503,-73.99252,8,15.45,529,0,0,100,0,409,360,347,50.7,49.3,2.3,53.1,100,54,89,95,91,94,7.75
02M507,Manhattan,Manhattan,40.76336,-73.99051,8,15.3,472,5.7,30.3,53.8,7.8,445,432,415,21.4,78.6,19.1,2.1,100,34,80,93,93,93,7.5
02M288,Manhattan,Manhattan,40.76503,-73.99252,7.4,14.3,427,3,39.6,52.2,4.7,428,435,421,52,48,15.7,3,79.4,15,64,89,83,87,6.83333333333333
02M416,Manhattan,Manhattan,40.77012,-73.95338,8.3,15.3,541,61.4,4.4,10.9,20.1,641,617,631,59.5,40.5,5.9,0,24.6,58,100,91,87,92,7
03M299,Manhattan,Manhattan,40.7743,-73.98482,8.45,15.26,447,0.9,38.5,58.8,0.4,375,389,380,51.2,48.8,22.6,12.8,81.4,24,97,85,83,85,6.68333333333333
03M307,Manhattan,Manhattan,40.7743,-73.98482,9,15.15,412,1.7,36.4,57.8,1.9,392,419,396,53.6,46.4,20.6,9.5,75.7,17,96,89,86,86,6.25
03M479,Manhattan,Manhattan,40.77216,-73.9878,8,15,1285,51.8,13.7,23.8,8.9,583,586,595,64.7,35.3,5.8,0.1,28.2,29,62,92,88,90,7
03M485,Manhattan,Manhattan,40.77367,-73.98527,8,16,2635,45.3,11.3,19.4,19.4,592,592,597,73.1,26.9,2.3,0,30.8,31,91,76,74,85,8
03M494,Manhattan,Manhattan,40.7743,-73.98482,8,14.45,594,2.9,32.5,59.3,3.9,421,428,406,33.3,66.7,22.1,10.6,91.8,22,78,69,68,73,6.75
03M541,Manhattan,Manhattan,40.7743,-73.98482,8,14.3,451,13.1,16.4,37.9,25.9,581,531,535,58.1,41.9,9.3,0,62.3,32,92,94,92,94,6.5
03M492,Manhattan,Manhattan,40.7743,-73.98482,8,14.45,510,2.2,42,52.7,2.4,415,417,402,55.7,44.3,16.3,5.9,90.4,29,88,84,82,83,6.75
03M402,Manhattan,Manhattan,40.78574,-73.97442,8.3,15.3,353,2.8,23.2,72,1.1,393,371,378,42.5,57.5,26.3,16.1,91.2,24,100,79,78,81,7
03M417,Manhattan,Manhattan,40.78574,-73.97442,8.4,15,387,31.8,15.8,40.1,8.8,489,491,500,59.2,40.8,17.6,1.3,50.6,25,93,88,88,90,6.33333333333333
03M403,Manhattan,Manhattan,40.78574,-73.97442,8.3,15.3,496,5.4,25,66.3,2.4,406,407,413,48.6,51.4,23.8,13.3,86.5,31,68,83,82,87,7
03M415,Manhattan,Manhattan,40.80217,-73.95401,8,15.45,445,1,52,44.2,1.8,381,401,392,66.1,33.9,22.5,4.9,100,30,81,79,75,77,7.75
03M860,Manhattan,Manhattan,40.80217,-73.95401,8,15,411,1.9,67.8,26.3,2.2,390,384,373,43.6,56.4,23.1,9,73.2,21,76,83,81,79,7
05M362,Manhattan,Manhattan,40.81092,-73.95693,8,16,659,14.8,22,48.1,13.7,583,561,546,49.2,50.8,4.6,0,55.8,42,66,86,86,88,8
05M367,Manhattan,Manhattan,40.81523,-73.9552,8.35,15.45,234,2.8,46.5,49.3,0.5,357,349,365,46.2,53.8,27.4,17.9,79.5,10,26,74,64,71,7.16666666666667
05M369,Manhattan,Manhattan,40.81523,-73.9552,8.15,15.15,358,1.4,52.2,43,0.8,379,399,388,78.8,21.2,20.7,4.7,85.2,10,77,81,76,83,7
04M680,Manhattan,Manhattan,40.79188,-73.94659,8.3,15.39,322,1.9,32.3,63.7,1.2,385,380,370,54.3,45.7,29.2,5.9,87.3,30,96,83,83,81,7.15
04M555,Manhattan,Manhattan,40.79368,-73.94942,8.3,15.2,466,3.9,24.5,63.3,7.3,483,468,439,66.3,33.7,13.7,3,89.7,26,97,93,93,93,6.83333333333333
04M495,Manhattan,Manhattan,40.79056,-73.94445,8.45,15.15,413,1.7,27.6,63.7,4.8,429,433,435,50.4,49.6,14.8,1.9,87.9,66,100,93,92,92,6.5
04M610,Manhattan,Manhattan,40.79271,-73.9473,8.45,15.15,480,3.4,27.9,57.4,8.9,478,465,472,100,0,19.2,2.3,81,75,100,93,89,93,6.5
04M435,Manhattan,Manhattan,40.79374,-73.93408,8.15,14.4,1603,4.2,20.9,54.1,19.2,556,505,495,48.8,51.2,6.6,3.4,81,84,87,85,87,86,6.41666666666667
05M304,Manhattan,Manhattan,40.81736,-73.94771,8,15.3,428,0.7,38.3,59.1,0.9,416,445,440,42.5,57.5,23.6,11.2,90.7,84,91,86,85,86,7.5
05M670,Manhattan,Manhattan,40.81536,-73.9439,8.3,15,561,0.8,77.6,19.6,1.3,402,394,400,54.4,45.6,17.3,1.8,77.4,55,67,90,86,89,6.5
05M692,Manhattan,Manhattan,40.82112,-73.94885,8,15.35,470,26.8,9.6,21.7,38.5,683,610,596,30.4,69.6,3.8,0.2,51.1,38,97,91,89,93,7.58333333333333
06M540,Manhattan,Manhattan,40.81832,-73.95061,8,14.2,1354,1.7,32,59.7,4.9,459,453,447,48.4,51.6,14.1,6.9,86.9,11,89,88,88,86,6.33333333333333
06M552,Manhattan,Manhattan,40.83803,-73.93837,8,15.3,504,0,0,100,0,383,355,352,56,44,1.6,83.3,98.6,57,83,95,94,94,7.5
06M346,Manhattan,Manhattan,40.83356,-73.9418,8.15,15,629,2.7,4.9,91.8,0,387,389,385,50.4,49.6,19.7,24.6,90.1,53,71,91,94,93,6.75
06M348,Manhattan,Manhattan,40.84888,-73.93081,8,15,705,0.5,3.8,94.8,0.3,443,423,434,44,56,19.7,17.7,100,56,75,89,86,92,7
04M409,Manhattan,Manhattan,40.79887,-73.93337,8.45,15.3,283,3.5,41,50.2,4.2,344,368,367,46.6,53.4,34.3,9.9,100,22,96,87,88,85,6.75
02M531,Manhattan,Manhattan,40.75594,-73.98457,8.15,15.3,246,8.5,37.4,50.4,1.6,425,451,458,84.6,15.4,12.6,3.7,79.7,66,100,84,86,86,7.25
02M408,Manhattan,Manhattan,40.76143,-73.98802,8.15,15.3,536,42.9,26.2,22.3,2.5,496,520,516,73.1,26.9,11.2,0.2,33.4,41,96,86,84,86,7.25
02M529,Manhattan,Manhattan,40.75776,-73.98319,8,15,676,3.6,21.3,70.1,4,418,422,415,54.7,45.3,18.6,5.9,78.3,8,62,85,80,84,7
02M520,Manhattan,Manhattan,40.71068,-74.00081,8,15,971,3,46.1,40.7,8.9,418,415,398,48.6,51.4,20.3,10.7,72.9,7,69,60,61,61,7
05M499,Manhattan,Manhattan,40.82431,-73.93698,8,15,1428,1.4,70.4,23.2,1.7,463,452,450,45.5,54.5,11.9,2.2,73.1,7,47,82,81,79,7
06M463,Manhattan,Manhattan,40.85594,-73.92703,8,15.45,479,1.3,13.8,82.5,1.9,378,381,383,43.2,56.8,19.8,33.8,90.8,42,74,85,84,84,7.75
06M462,Manhattan,Manhattan,40.85594,-73.92703,8,15.45,491,0.6,9,89.2,0.2,367,377,363,38.7,61.3,21,44.4,97.8,30,97,89,89,89,7.75
06M467,Manhattan,Manhattan,40.85594,-73.92703,8,15.45,671,1.6,16.8,80.8,0.4,401,394,381,42.5,57.5,20.7,27.4,78.4,50,82,89,87,85,7.75
06M293,Manhattan,Manhattan,40.86111,-73.93045,8.15,16,587,1.2,3.8,94.1,0.9,495,445,450,56.2,43.8,14,5.1,78,67,50,90,85,92,7.75
06M468,Manhattan,Manhattan,40.85594,-73.92703,8,15.45,605,1.5,15.9,79.8,1.3,374,385,389,46,54,18.2,30.7,98.3,44,85,78,76,78,7.75
02M459,Manhattan,Manhattan,40.76545,-73.96021,8.45,15.05,343,12.2,16.6,41.1,29.4,438,358,382,49.6,50.4,4.1,76.7,100,95,86,96,93,93,6.33333333333333
02M519,Manhattan,Manhattan,40.76545,-73.96021,8.1,15.2,506,20.4,33.4,39.9,4.9,485,498,496,82.4,17.6,8.7,0.2,54.5,30,89,87,82,88,7.16666666666667
02M449,Manhattan,Manhattan,40.76545,-73.96021,8,15,486,4.7,27.4,57,7.6,431,409,396,53.9,46.1,21.8,7.8,75.5,20,96,92,91,88,7
02M655,Manhattan,Manhattan,40.78364,-73.94574,8,15,697,3.2,28.3,62.2,4.3,435,440,425,50.2,49.8,19.8,6.9,75,13,68,88,85,82,7
02M475,Manhattan,Manhattan,40.71775,-74.01405,8,15.3,3296,20.4,0.8,2.6,73.4,754,697,693,41.2,58.8,0.5,0.1,45.5,44,96,82,85,89,7.5
31R600,Staten Island,Staten Island,40.64274,-74.07871,8,15,624,19.7,30.8,42.5,4.8,420,429,409,28.7,71.3,26.4,2.4,70.8,34,100,87,86,85,7
31R080,Staten Island,Staten Island,40.60745,-74.10148,8,14.2,1327,49.8,22.3,20.2,6.9,483,473,470,48.3,51.7,24.7,1.4,51,44,89,91,91,89,6.33333333333333
31R450,Staten Island,Staten Island,40.64474,-74.08134,9,15.3,2499,17.7,38.4,36,7.1,453,458,444,52.1,47.9,19,6.1,77,47,89,84,87,80,6.5
31R445,Staten Island,Staten Island,40.63384,-74.14211,8,14.45,1628,21.7,27.9,42.8,7,432,427,425,48.2,51.8,26.6,5.7,71,28,98,90,89,88,6.75
31R605,Staten Island,Staten Island,40.56791,-74.11536,7.45,14.3,1247,52.2,1,5.2,41.1,711,660,670,42.4,57.6,1.3,0,34.8,96,100,94,95,96,6.75
31R440,Staten Island,Staten Island,40.56918,-74.1073,8.05,15.1,2791,51.8,12.1,27.8,7.5,454,446,444,47.9,52.1,19.9,4.2,60.8,33,100,87,89,85,7.08333333333333
31R455,Staten Island,Staten Island,40.52823,-74.19215,8,14.45,3982,79.9,1.8,11.8,5.1,494,476,476,48.5,51.5,16.3,0.9,32.7,27,86,86,88,83,6.75
31R460,Staten Island,Staten Island,40.59865,-74.1231,8.16,15,3363,47.7,10.9,27,13.4,496,490,487,48.8,51.2,20.2,2,56.6,40,95,88,88,86,6.73333333333333
31R064,Staten Island,Staten Island,40.58202,-74.15785,8,14.2,479,61.6,13.8,19,3.3,442,458,454,55.1,44.9,23.4,0.2,51.1,42,91,88,80,89,6.33333333333333
31R047,Staten Island,Staten Island,40.58202,-74.15785,7.3,15.5,520,55.6,8.8,19.8,11.2,477,468,464,56.9,43.1,16.7,0.4,43.1,66,81,88,85,91,8.33333333333333
09X505,Bronx,Bronx,40.82759,-73.91867,8.15,15,778,1,23.1,72,2.2,403,409,415,55,45,19.5,5.8,92.8,41,63,86,84,84,6.75
07X548,Bronx,Bronx,40.82278,-73.92352,8.25,15.18,587,1.4,28.6,69.5,0.2,402,405,395,16.7,83.3,23.3,7.2,89.3,19,89,90,91,90,6.88333333333333
07X527,Bronx,Bronx,40.82278,-73.92352,8.3,15.15,495,0.8,32.3,63.4,2.2,384,355,361,41.6,58.4,26.7,13.9,90.3,30,90,89,90,89,6.75
07X551,Bronx,Bronx,40.81336,-73.92554,8,15.5,591,1.5,30.4,66.9,0.9,398,400,405,50.9,49.1,25.2,13.5,93.6,34,85,84,85,83,7.83333333333333
07X670,Bronx,Bronx,40.81608,-73.93032,8.15,15.35,554,1.8,36.1,57.9,3.1,374,386,382,65.2,34.8,19.3,7.8,91.3,82,86,92,90,85,7.33333333333333
07X427,Bronx,Bronx,40.81608,-73.93032,8.3,15,324,1.2,29.6,67.3,1.5,380,382,362,54.9,45.1,25,9.9,90.7,38,100,93,92,92,6.5
07X600,Bronx,Bronx,40.81825,-73.91974,8.5,15,375,0.8,29.1,68.3,1.1,390,373,371,6.4,93.6,28.3,19.2,90.7,54,61,83,84,84,6.16666666666667
09X365,Bronx,Bronx,40.8491,-73.91609,8,16,322,0,0.3,99.7,0,371,334,348,40.7,59.3,4.3,74.5,97.8,66,100,94,93,92,8
07X221,Bronx,Bronx,40.81401,-73.92084,8,15,654,1.4,25.2,70.3,1.7,419,414,394,51.4,48.6,24.2,7.3,96.8,62,88,92,89,89,7
07X334,Bronx,Bronx,40.81004,-73.91781,9,16,463,1.3,14,76.7,6.5,345,338,312,45.6,54.4,3.2,86,96.5,29,93,91,90,90,7
07X500,Bronx,Bronx,40.81496,-73.91252,8,14.3,544,1.5,22.5,69.9,3.8,463,451,435,53.3,46.7,18.4,4.6,78.3,17,39,82,82,84,6.5
07X495,Bronx,Bronx,40.81817,-73.91109,8.45,15,486,1.6,30,64.6,3.1,420,446,424,54.3,45.7,8.2,2.1,90.1,72,90,91,91,92,6.25
07X473,Bronx,Bronx,40.81817,-73.91109,8.3,15,364,0.5,25.3,73.6,0.3,377,373,369,44.2,55.8,21.7,9.6,95.6,36,89,87,83,88,6.5
09X403,Bronx,Bronx,40.8276,-73.90448,9,15.45,409,1.7,20,74.1,3.4,355,330,320,49.9,50.1,4.9,88.3,90,48,93,94,91,89,6.75
12X479,Bronx,Bronx,40.82776,-73.90039,8,14.15,333,0.6,40.5,56.8,0.9,370,379,381,55.3,44.7,29.1,15.3,87.1,23,89,88,87,86,6.25
09X260,Bronx,Bronx,40.83374,-73.90245,7.3,15.25,457,1.5,25.4,65.9,6.3,513,468,485,51.2,48.8,17.7,3.3,83.4,48,100,94,90,92,7.91666666666667
09X324,Bronx,Bronx,40.82871,-73.91776,8.3,15.15,503,0.4,28.7,67.4,3.6,424,413,409,48.5,51.5,18.5,13.9,93.6,34,85,88,86,87,6.75
09X250,Bronx,Bronx,40.83374,-73.90245,8,15.22,449,0.7,45.2,52.1,1.1,400,391,397,49.7,50.3,20,8.9,94.2,35,94,89,86,88,7.36666666666667
12X267,Bronx,Bronx,40.82776,-73.90039,8.3,15.15,546,0,21.2,77.1,1.7,394,381,363,48.7,51.3,23.3,14.7,94.1,88,95,95,92,92,6.75
09X404,Bronx,Bronx,40.8276,-73.90448,8.15,14.45,421,1,26.6,70.8,0.7,377,385,383,47.7,52.3,27.8,27.1,91.7,48,93,86,83,82,6.5
09X297,Bronx,Bronx,40.8276,-73.90448,8.15,15.3,471,0.4,26.3,72,0.8,407,389,386,45.9,54.1,25.3,18.7,92.6,25,81,87,87,84,7.25
09X517,Bronx,Bronx,40.83417,-73.90403,8.3,16,427,2.3,50.4,45.4,0.7,387,386,386,46.4,53.6,21.8,11.7,86.4,69,66,85,83,82,7.5
09X241,Bronx,Bronx,40.83933,-73.90131,8.3,15.3,619,1.1,33,64.1,1.4,445,418,422,48.6,51.4,20.5,9.5,93.4,46,100,85,85,86,7
09X227,Bronx,Bronx,40.84037,-73.91084,8.3,15.3,382,0.3,28.5,69.1,1,395,401,382,42.9,57.1,23,27.2,100,25,96,96,94,94,7
09X252,Bronx,Bronx,40.83933,-73.90131,8.3,15.15,402,1.2,20.1,75.6,1.2,417,399,398,47,53,23.4,10.9,90,8,83,80,80,81,6.75
09X525,Bronx,Bronx,40.84358,-73.90322,8,15.44,686,0.6,35.7,61.7,0.4,375,372,374,49.6,50.4,24.6,9.8,88.8,7,84,83,77,79,7.73333333333333
09X263,Bronx,Bronx,40.83933,-73.90131,8.15,15.15,375,0.8,26.9,70.7,1.6,382,375,384,51.7,48.3,22.4,11.5,88,24,60,81,83,82,7
09X413,Bronx,Bronx,40.84037,-73.91084,7.45,15.15,472,0.7,36.7,53.4,7.1,431,421,426,58.3,41.7,12.1,3,100,14,97,89,84,88,7.5
09X231,Bronx,Bronx,40.84519,-73.89698,8.3,16,608,0.5,60.7,36,0.3,398,410,397,0,100,25.8,3.5,81.4,36,64,86,84,86,7.5
09X412,Bronx,Bronx,40.84037,-73.91084,7.45,15.15,339,1.2,33.3,63.1,1.5,365,360,346,42.2,57.8,26.3,29.8,100,29,84,86,81,82,7.5
09X329,Bronx,Bronx,40.84037,-73.91084,8.4,15.15,336,1.2,33.6,60.7,1.5,385,385,388,58.9,41.1,19.6,21.4,100,37,100,93,93,90,6.58333333333333
10X225,Bronx,Bronx,40.85465,-73.89665,8.3,15.3,632,0.7,29.2,66.6,1.2,402,421,410,66.6,33.4,20.3,5.1,100,32,100,88,87,85,7
10X243,Bronx,Bronx,40.86001,-73.88823,8.3,15.15,599,3,21.1,72,2.7,404,383,378,44.9,55.1,25.2,11.9,96.5,37,89,83,83,81,6.75
10X439,Bronx,Bronx,40.86001,-73.88823,8.15,16,398,1.8,24.4,70.9,1.3,401,402,386,52.5,47.5,27.1,15.1,91.2,37,97,87,84,85,7.75
10X434,Bronx,Bronx,40.86001,-73.88823,8.15,15.45,416,1.9,30,65.6,2.2,413,408,402,55.5,44.5,15.4,6.3,85.3,25,79,84,80,83,7.5
10X437,Bronx,Bronx,40.86001,-73.88823,8,15.45,401,2.5,30.9,65.1,1,398,404,412,65.8,34.2,19.5,4,88.3,35,89,84,83,84,7.75
10X374,Bronx,Bronx,40.86001,-73.88823,7.3,16,487,2.1,32.2,61.4,2.5,408,417,404,56.7,43.3,22.4,15,88.3,82,100,91,90,90,8.5
10X438,Bronx,Bronx,40.86001,-73.88823,8,16,438,2.7,27.6,67.8,1.8,355,373,368,40.6,59.4,28.8,16.7,92.2,11,61,89,85,88,8
12X248,Bronx,Bronx,40.82523,-73.89395,8,16,326,0.3,21.5,74.8,0.9,387,388,386,43.6,56.4,27.6,21.8,92.3,27,81,92,88,92,8
08X332,Bronx,Bronx,40.81744,-73.89805,8.15,15.15,236,0.4,43.2,54.7,0.4,376,372,369,42.8,57.2,29.7,11,89,43,100,90,88,88,7
08X530,Bronx,Bronx,40.81744,-73.89805,8.45,15.05,325,1.2,37.2,60.6,0,378,391,378,40.3,59.7,31.7,11.4,91.7,57,55,78,76,77,6.33333333333333
08X269,Bronx,Bronx,40.82062,-73.89307,8.2,15.2,565,0.6,20.3,76.9,1.2,417,412,403,54,46,26.2,13.6,100,45,97,85,87,85,7
12X278,Bronx,Bronx,40.82523,-73.89395,8.45,15.15,170,1.8,44.1,52.4,0.6,366,362,365,45.9,54.1,28.2,18.8,82.9,76,94,87,84,82,6.5
12X271,Bronx,Bronx,40.83695,-73.88796,8.3,15,618,0.5,25.4,71,3,418,406,408,48.7,51.3,30.6,11.3,91.7,8,45,81,79,80,6.5
12X511,Bronx,Bronx,40.83594,-73.89047,8.25,15.15,355,2,34.4,60.3,2,364,385,366,54.6,45.4,21.1,13,86.5,30,84,90,90,88,6.83333333333333
12X682,Bronx,Bronx,40.83081,-73.88602,8.45,14.45,470,0.2,28.5,70.4,0.4,345,347,339,47,53,29.4,8.1,100,60,88,92,92,90,6
12X251,Bronx,Bronx,40.83594,-73.89047,8,15.3,358,2,27.1,69.8,0.8,377,372,365,41.9,58.1,23.5,18.2,92.7,16,86,86,82,85,7.5
12X372,Bronx,Bronx,40.84404,-73.88469,8.4,15,571,2.2,25.3,69.4,2.2,393,397,379,47.3,52.7,21.2,9.1,100,23,82,90,86,85,6.33333333333333
12X684,Bronx,Bronx,40.84181,-73.87542,8,15,501,1.2,58.5,37.9,0.8,379,372,373,37.1,62.9,24.2,3.4,86.4,29,80,84,77,79,7
08X293,Bronx,Bronx,40.84051,-73.83812,8.15,15,444,7.2,27.9,61,3.2,390,411,393,58.1,41.9,24.1,3.6,100,11,83,89,89,86,6.75
08X405,Bronx,Bronx,40.84051,-73.83812,8.15,15.45,1535,10.6,23.6,54.9,9.2,426,419,407,35.8,64.2,25.3,10.3,72.6,8,52,70,69,66,7.5
11X418,Bronx,Bronx,40.85143,-73.86502,8.15,14.45,483,6.8,27.3,61.5,3.7,408,428,404,49.1,50.9,26.5,1.7,73.7,18,44,83,81,82,6.5
10X368,Bronx,Bronx,40.88005,-73.90921,8.3,15.3,1022,3.4,10.8,82.8,2.8,426,419,404,47.9,52.1,18,14.5,90.8,23,73,85,82,85,7
10X284,Bronx,Bronx,40.87705,-73.91234,8,14.45,426,2.6,30.3,64.8,2.1,384,394,366,43.4,56.6,24.6,8.9,85.2,19,58,88,89,87,6.75
10X213,Bronx,Bronx,40.87705,-73.91234,8.15,16.3,417,1.4,34.3,55.9,6.7,394,406,391,16.3,83.7,20.9,9.8,89.4,21,66,83,79,80,8.25
10X546,Bronx,Bronx,40.87705,-73.91234,8.4,16,428,1.6,30.1,67.1,0.5,382,384,390,71.5,28.5,23.8,10,85.5,79,96,82,82,80,7.33333333333333
10X477,Bronx,Bronx,40.87705,-73.91234,8.3,16.4,449,5.1,24.5,61,8.9,451,417,423,50.3,49.7,9.1,29.6,92.9,65,100,90,86,89,8.16666666666667
10X237,Bronx,Bronx,40.87598,-73.90123,8,14.45,583,3.3,35.7,56.9,2.7,423,420,425,83.4,16.6,18.9,9.6,100,29,34,77,73,79,6.75
10X141,Bronx,Bronx,40.88837,-73.91409,8.2,14.4,1381,23.7,12.3,55.7,7.7,496,485,476,47.1,52.9,19.8,6,54.7,20,80,83,83,81,6.33333333333333
11X513,Bronx,Bronx,40.88792,-73.85287,8,15,408,7.6,9.3,66.2,13.7,407,363,358,54.9,45.1,5.6,62.5,97.5,35,44,87,79,79,7
11X514,Bronx,Bronx,40.88792,-73.85287,8,15,423,3.8,61.9,28.8,3.3,392,408,392,48.9,51.1,23.9,6.4,78.7,14,66,83,79,76,7
11X270,Bronx,Bronx,40.88792,-73.85287,8,14.56,371,1.1,63.6,30.5,3.2,392,408,400,46.9,53.1,24,5.4,72.8,23,58,72,72,71,6.93333333333333
11X544,Bronx,Bronx,40.87575,-73.86139,8,14.45,493,1,38.1,59.2,0.8,367,381,361,45.4,54.6,29,7.7,100,15,70,86,85,84,6.75
11X545,Bronx,Bronx,40.87575,-73.86139,9,17,431,2.1,29.2,64.5,2.3,403,410,393,18.6,81.4,31.8,11.6,100,23,100,76,67,69,8
11X290,Bronx,Bronx,40.87575,-73.86139,8.25,15.15,465,1.9,44.7,47.3,4.7,386,380,391,66.9,33.1,22.8,9.5,100,36,83,87,85,84,6.83333333333333
11X275,Bronx,Bronx,40.87575,-73.86139,8,15,567,1.2,34.4,58,4.9,396,399,377,14.3,85.7,24.2,7.4,100,18,100,89,87,87,7
11X265,Bronx,Bronx,40.87575,-73.86139,8.45,17,471,1.5,39.9,54.4,3.6,407,416,401,42.5,57.5,19.3,6.6,100,18,71,85,80,80,8.25
11X253,Bronx,Bronx,40.87575,-73.86139,8,15,389,1.3,45,49.1,3.3,380,437,425,50.6,49.4,23.9,7.5,100,26,74,91,90,90,7
10X433,Bronx,Bronx,40.87038,-73.89816,8.45,15.45,486,2.7,20.4,74.5,1.9,372,361,369,57.8,42.2,24.7,21.2,89.7,26,89,85,84,83,7
10X445,Bronx,Bronx,40.87706,-73.88978,8,15.45,3015,22.1,2.6,5.5,62.8,714,660,667,43.5,56.5,1.3,0,47.6,24,47,85,86,89,7.75
10X268,Bronx,Bronx,40.87038,-73.89816,7.45,14.45,461,2,5.2,85.9,6.5,366,311,310,47.7,52.3,3.5,88.5,96.1,44,80,89,88,87,7
10X549,Bronx,Bronx,40.87038,-73.89816,8.45,15.45,530,2.3,17.4,77.2,2.5,432,396,395,42.3,57.7,25.5,20.9,83.8,6,73,88,82,86,7
10X442,Bronx,Bronx,40.87038,-73.89816,8,15.45,430,1.2,25.3,70,1.4,417,434,425,63,37,14,2.6,87.2,42,93,89,87,89,7.75
10X696,Bronx,Bronx,40.87126,-73.89752,8,15,376,50.8,4,15.2,23.1,669,672,672,46,54,3.5,0,28.2,41,89,93,89,96,7
10X440,Bronx,Bronx,40.88008,-73.8859,8,14.46,2109,3.6,31.6,54.5,8.6,445,436,433,45.1,54.9,18.6,21.7,78.6,12,82,77,79,73,6.76666666666667
10X342,Bronx,Bronx,40.87038,-73.89816,8,15.45,561,0.5,0,99.5,0,390,387,379,48,52,9.8,67.7,98.8,42,81,91,88,90,7.75
11X299,Bronx,Bronx,40.8597,-73.86074,7.35,15.55,476,10.5,33.4,47.9,6.5,422,417,409,43.7,56.3,23.1,5,86.6,23,100,85,80,81,8.33333333333333
11X542,Bronx,Bronx,40.8597,-73.86074,8.15,15.45,489,6.5,35.6,48.9,5.5,420,433,425,51.7,48.3,19,2,75.1,37,96,89,86,87,7.5
11X509,Bronx,Bronx,40.8597,-73.86074,8.25,15.15,354,11,11.9,57.6,16.7,356,340,320,51.7,48.3,3.1,73.7,98,85,68,89,87,88,6.83333333333333
11X288,Bronx,Bronx,40.8597,-73.86074,8.15,16.15,687,9.5,33.8,43.5,11.6,488,461,458,43.7,56.3,16.3,2.9,77,39,92,89,90,89,8
11X508,Bronx,Bronx,40.8597,-73.86074,8.25,15.55,427,9.4,28.8,57.1,3,418,432,436,46.1,53.9,18.7,2.6,82.7,46,100,85,84,83,7.5
12X388,Bronx,Bronx,40.83137,-73.87882,8.3,17.3,428,0,0,100,0,317,315,292,45.6,54.4,2.6,92.3,99.5,94,100,97,96,94,9
12X478,Bronx,Bronx,40.83136,-73.87834,8.3,15.45,338,4.1,21.9,69.8,3.8,430,449,448,58,42,8.3,3.3,84.6,15,95,86,83,85,7.25
12X692,Bronx,Bronx,40.83137,-73.87882,8.3,15,445,0.9,18,78.4,1.1,361,354,351,44.9,55.1,25.6,24.3,92.6,31,61,83,81,79,6.5
12X242,Bronx,Bronx,40.83136,-73.87834,8,15.3,669,1.7,22.2,70.6,4.2,430,422,414,48,52,22.9,10.8,87.4,62,100,92,88,92,7.5
12X521,Bronx,Bronx,40.83137,-73.87882,8.3,15.4,416,1.7,26.2,67.3,2.6,444,428,422,45.9,54.1,22.6,13,90.6,15,59,93,90,88,7.16666666666667
12X550,Bronx,Bronx,40.83137,-73.87882,8,16,410,1.2,8.3,80.2,8,356,359,347,47.3,52.7,0,84.6,98.3,98,82,87,85,87,8
08X312,Bronx,Bronx,40.8223,-73.85596,8,15,487,1.8,30,65.1,2.3,396,413,395,52,48,29.4,4.7,100,22,74,85,82,86,7
08X452,Bronx,Bronx,40.8223,-73.85596,8.3,15,326,1.2,32.2,61.7,4,365,393,357,44.5,55.5,30.7,10.4,100,20,95,88,84,86,6.5
08X367,Bronx,Bronx,40.81492,-73.85657,8.25,15.15,637,2.2,30.9,60.6,5.5,418,430,403,39.4,60.6,27.2,6.8,84.8,56,96,86,81,80,6.83333333333333
08X305,Bronx,Bronx,40.8223,-73.85596,8,15.5,315,1.3,26,67.6,4.4,394,384,383,34,66,35.6,18.4,100,53,90,91,91,88,7.83333333333333
08X282,Bronx,Bronx,40.81492,-73.85657,8.3,14.45,345,2.6,50.1,41.2,3.5,386,390,389,100,0,22,4.6,89.9,24,62,77,76,76,6.25
08X519,Bronx,Bronx,40.82117,-73.88114,8,14.19,307,2.9,25.4,67.8,2,389,408,413,53.1,46.9,27.4,10.1,85.3,6,52,77,72,70,6.31666666666667
08X376,Bronx,Bronx,40.8223,-73.85596,8,14.45,450,1.3,26.2,65.4,6.3,435,415,423,51.6,48.4,27.3,10.9,100,77,89,82,75,77,6.75
11X249,Bronx,Bronx,40.87413,-73.8338,7.15,15,374,2.7,51.9,34.5,7.5,407,421,427,59.6,40.4,9.6,3.2,75.1,25,90,85,73,83,7.75
11X455,Bronx,Bronx,40.87413,-73.8338,8,15,2058,2.2,51.6,42.7,2.4,400,401,391,40.6,59.4,18.3,4.8,68.3,12,63,87,86,83,7
24Q600,Queens,Long Island City,40.74219,-73.92824,8,16.3,1553,7.3,5.8,74.6,12.1,467,436,432,37.7,62.3,13.9,3.8,83.9,11,90,86,84,84,8.5
24Q267,Queens,Long Island City,40.74509,-73.93681,8.3,15.3,421,13.5,12.6,54.4,15.9,435,437,441,59.6,40.4,13.8,6.2,78.6,37,100,86,81,86,7
24Q520,Queens,Long Island City,40.74415,-73.93363,8,13.55,514,7,4.7,79.6,8.4,377,389,377,43.4,56.6,15.4,0,100,36,74,89,89,91,5.91666666666667
30Q301,Queens,Long Island City,40.74114,-73.94969,9,15.3,515,20.8,15.9,54.2,5.8,444,458,444,50.5,49.5,18.3,2.3,68,79,100,95,93,95,6.5
24Q610,Queens,Long Island City,40.74359,-73.92908,8,16.3,2168,11,6.3,49,30.9,511,464,456,19.2,80.8,9.1,2.6,100,15,95,89,91,89,8.5
30Q575,Queens,Long Island City,40.7513,-73.93742,9.5,16.15,874,28.3,7.3,34.3,29.3,495,482,479,56.4,43.6,8.9,3.1,70.9,33,81,87,84,90,6.41666666666667
30Q555,Queens,Long Island City,40.75138,-73.93745,8,15,993,6.2,2.4,54.6,36.7,490,374,381,45.6,54.4,1,76.8,90.8,15,85,91,86,89,7
24Q299,Queens,Long Island City,40.74509,-73.93681,9,15.2,623,34.5,11.4,17,34.2,631,598,610,60.2,39.8,1.1,0,44.6,43,81,92,89,93,6.33333333333333
24Q530,Queens,Long Island City,40.74415,-73.93363,8,15.3,509,13,2.6,45,39.3,425,367,365,52.7,47.3,1.6,63.1,100,59,83,97,94,94,7.5
30Q502,Queens,Long Island City,40.74792,-73.94657,7.15,14.05,970,9.4,14.9,56.3,18.2,443,420,411,24.8,75.2,18,8.7,80.2,7,96,87,84,86,6.83333333333333
24Q560,Queens,Long Island City,40.74226,-73.93688,8,15,610,10.9,4.9,64.3,19.2,478,445,445,47.5,52.5,11.5,5.1,81,18,85,88,87,89,7
24Q264,Queens,Long Island City,40.74509,-73.93681,8.15,15.15,478,15.3,7.1,51.9,22,489,456,459,51.9,48.1,10.9,4.6,82.2,84,100,90,87,92,7
30Q286,Queens,Astoria,40.77125,-73.9246,8,15.2,572,19.6,4.7,38,37.7,483,464,477,100,0,9.4,3.3,80.4,53,95,93,90,94,7.33333333333333
30Q445,Queens,Astoria,40.75812,-73.91033,8.45,15.3,2496,16.1,5.6,48.7,28.4,466,424,426,44.6,55.4,13.2,14.9,76.5,14,45,76,76,75,6.75
30Q450,Queens,Astoria,40.76576,-73.93273,8.29,15.5,2123,9,13.5,60.2,15.7,430,423,412,50.1,49.9,17.6,11.9,84.4,18,91,85,86,82,7.35
30Q501,Queens,Astoria,40.75653,-73.92514,7.45,15.15,808,38.7,13.6,33.4,10.5,536,543,543,69.7,30.3,7.3,0.4,39.1,33,96,88,86,92,7.5
30Q580,Queens,Astoria,40.75517,-73.92682,8,15,478,34.5,2.5,21.2,39.6,633,620,628,56.5,43.5,0.6,0,42.7,33,33,88,78,91,7
13K419,Brooklyn,Brooklyn,40.69717,-73.98496,8.07,15.4,528,2.1,70.5,18.4,6.8,399,397,386,44.5,55.5,17.2,4.2,83.3,13,69,75,71,72,7.55
13K439,Brooklyn,Brooklyn,40.69717,-73.98496,9.15,15.3,345,13.9,17.7,26.7,41.7,432,334,333,49,51,2.3,79.4,100,93,100,99,97,96,6.25
15K497,Brooklyn,Brooklyn,40.68545,-73.99349,8.3,15.15,466,9.9,47.9,36.3,4.2,417,406,394,52.8,47.2,18.7,10.3,74,12,70,81,76,78,6.75
15K429,Brooklyn,Brooklyn,40.68545,-73.99349,8.45,15.1,250,6.6,54.8,35.5,2.4,393,381,402,39.2,60.8,34.4,7.2,86,16,93,83,77,81,6.41666666666667
13K674,Brooklyn,Brooklyn,40.69494,-73.98604,8.4,16.07,458,3.5,69.7,19.7,6.6,503,477,427,26,74,20.5,2.4,73.6,30,79,81,78,81,7.45
13K527,Brooklyn,Brooklyn,40.69462,-73.98862,8.3,15.2,470,4.9,73.6,14.8,3.5,397,415,407,100,0,16.8,2.8,84.3,36,86,86,82,83,6.83333333333333
13K483,Brooklyn,Brooklyn,40.69462,-73.98862,8.4,15.4,448,0.9,71.4,21.9,2,446,443,430,54.5,45.5,14.1,0.7,79.2,51,97,90,90,89,7
15K519,Brooklyn,Brooklyn,40.68458,-73.99109,8,15,596,4.4,63.8,25,4.5,416,420,402,48.2,51.8,21.3,9.1,88.6,34,88,82,79,82,7
13K605,Brooklyn,Brooklyn,40.69494,-73.98604,8.3,15.3,634,2.1,74.4,19.7,2.5,394,422,400,27,73,18.3,2.2,83.3,29,91,83,83,80,7
13K350,Brooklyn,Brooklyn,40.69717,-73.98496,8.3,16,387,0.5,77.5,20.7,0.5,372,372,361,64.6,35.4,24,2.6,78.3,10,67,79,76,77,7.5
18K629,Brooklyn,Brooklyn,40.64866,-73.9219,8,15,353,0.6,90.4,8.5,0.6,382,395,384,42.5,57.5,22.1,5.9,75.1,9,54,84,82,83,7
18K569,Brooklyn,Brooklyn,40.64866,-73.9219,8.3,15.3,341,0.3,91.2,6.7,1.2,378,394,388,40.5,59.5,20.5,3.8,75.1,42,96,94,94,91,7
17K531,Brooklyn,Brooklyn,40.65952,-73.94255,8,15,424,1,90.7,6.5,1.4,398,411,400,51.4,48.6,18.2,5.4,86.3,53,100,93,92,89,7
18K563,Brooklyn,Brooklyn,40.64866,-73.9219,8.15,16.15,566,1.1,90.3,5.7,0.5,364,374,361,41.9,58.1,12.9,19.6,76.7,64,100,93,92,88,8
17K546,Brooklyn,Brooklyn,40.65952,-73.94255,8.3,15.15,454,1.1,75.8,17.4,5.3,468,454,464,67.4,32.6,10.1,1.5,84.1,40,77,92,88,92,6.75
18K589,Brooklyn,Brooklyn,40.65846,-73.92903,8.5,15.4,279,1.4,82.8,12.5,1.1,370,383,374,53,47,19.4,3.9,83.2,27,64,88,84,85,6.83333333333333
17K533,Brooklyn,Brooklyn,40.65952,-73.94255,8,14.5,319,2.3,87.6,7.4,0.8,386,385,390,44.8,55.2,27.6,5.6,82.4,65,100,79,84,78,6.83333333333333
20K609,Brooklyn,Brooklyn,40.63491,-73.98152,8.45,15.45,496,15,17.5,20.4,46.5,428,413,417,100,0,13.9,10.9,92.7,18,85,93,88,91,7
20K505,Brooklyn,Brooklyn,40.62026,-73.98201,9.3,16.15,3220,18.6,11.5,29.3,40.1,504,411,407,43,57,13.7,34.4,80.7,41,97,88,88,85,6.75
13K412,Brooklyn,Brooklyn,40.69258,-73.95887,8.3,15.2,404,0.7,78.5,17.8,1.2,358,386,380,54.5,45.5,20.5,5,81.4,17,93,91,89,88,6.83333333333333
13K265,Brooklyn,Brooklyn,40.69634,-73.97577,8,15.15,421,0.7,73,22.8,0.7,332,346,350,62.7,37.3,22.1,4.3,81,28,42,83,77,77,7.25
13K670,Brooklyn,Brooklyn,40.69566,-73.96929,8,15,916,0.5,86.4,8.6,3.4,479,484,472,55.6,44.4,5.3,0.1,51.7,15,40,81,80,83,7
14K071,Brooklyn,Brooklyn,40.70358,-73.95324,8,14.15,692,2.5,13.6,82.7,0.3,366,356,353,46,54,32.8,22.7,100,33,85,85,83,80,6.25
14K449,Brooklyn,Brooklyn,40.7099,-73.94366,8,14.3,676,13.5,19.4,14.5,36.1,625,588,591,45.3,54.7,2.2,0.1,69.1,20,68,93,90,93,6.5
14K454,Brooklyn,Brooklyn,40.7099,-73.94366,8,15.3,276,1.4,38,59.1,0.7,384,398,399,51.4,48.6,22.1,25.4,83,21,65,84,81,80,7.5
14K586,Brooklyn,Brooklyn,40.7099,-73.94366,8.4,15.3,520,2.4,39.8,55.8,1.8,374,376,357,44.4,55.6,23.5,12.5,87.9,2,96,92,90,86,6.83333333333333
19K510,Brooklyn,Brooklyn,40.66755,-73.8948,8.05,14.2,284,1.4,75.7,19,2.5,380,389,384,59.9,40.1,23.6,11.3,83.1,21,80,80,81,77,6.25
19K502,Brooklyn,Brooklyn,40.66755,-73.8948,8,15,324,1.9,71.6,24.4,1.2,365,369,357,23.8,76.2,25.9,4.6,85.2,48,86,89,86,85,7
19K660,Brooklyn,Brooklyn,40.67422,-73.89645,8,15.07,506,0.6,69.6,28.1,1,326,333,350,71.3,28.7,30,5.9,87.4,58,97,91,89,88,7.11666666666667
19K504,Brooklyn,Brooklyn,40.66755,-73.8948,8,15.15,319,1.9,74,22.9,0.3,391,373,376,42.3,57.7,28.5,7.8,76.8,10,63,89,92,88,7.25
19K507,Brooklyn,Brooklyn,40.66755,-73.8948,8.05,15,406,0.5,80.8,18.2,0.2,375,393,394,57.1,42.9,20.7,2.5,92.4,27,60,88,87,82,6.91666666666667
19K409,Brooklyn,Brooklyn,40.66064,-73.88634,8,15,479,0.4,67.6,29.5,2.2,464,451,421,50.3,49.7,14.2,2.1,76.2,40,87,83,79,82,7
19K639,Brooklyn,Brooklyn,40.69114,-73.86843,8.22,15.11,334,0.9,35.6,56.9,5.4,383,376,370,36.5,63.5,23.4,17.7,86.8,12,100,86,82,82,6.81666666666667
19K583,Brooklyn,Brooklyn,40.69114,-73.86843,8.15,15.15,229,0.4,0,99.6,0,319,323,284,48,52,2.2,90,98.7,16,82,87,87,83,7
19K683,Brooklyn,Brooklyn,40.67068,-73.87422,8,15,308,4.2,60.7,26,7.8,387,391,383,63.3,36.7,21.8,13.6,89.6,32,100,86,81,83,7
19K615,Brooklyn,Brooklyn,40.67823,-73.87597,8.3,14.45,1093,1.3,63.6,27.2,6.1,387,387,384,13.9,86.1,23.6,4.8,76,10,55,76,74,71,6.25
19K659,Brooklyn,Brooklyn,40.69114,-73.86843,8.1,15,330,3.3,19.7,71.2,4.5,365,370,362,44.8,55.2,18.8,20.9,89.4,25,74,80,81,81,6.83333333333333
19K404,Brooklyn,Brooklyn,40.65752,-73.87478,9.05,15.3,547,1.2,73.1,21.9,1.5,382,413,391,65.3,34.7,17,1.1,77,19,83,85,86,83,6.41666666666667
19K618,Brooklyn,Brooklyn,40.69114,-73.86843,7.45,14.3,413,1.2,45.5,45.5,5.3,395,376,359,20.1,79.9,24.2,9.9,80.4,6,78,91,88,86,6.75
20K490,Brooklyn,Brooklyn,40.62791,-74.03995,9,15.45,4372,34.1,4.5,29.2,30.1,513,456,451,46.3,53.7,14.6,18.3,70.2,47,79,86,86,84,6.75
22K405,Brooklyn,Brooklyn,40.63334,-73.95292,8.45,15.3,3787,23.3,29.8,12.5,33.7,550,514,516,55.6,44.4,6.7,3.3,54.6,13,68,86,87,86,6.75
14K474,Brooklyn,Brooklyn,40.71196,-73.94043,8,14.45,1098,0.8,35.1,62.6,1,380,377,384,46.6,53.4,18.3,14.3,81.5,30,55,89,88,84,6.75
14K478,Brooklyn,Brooklyn,40.71196,-73.94043,7.45,15.45,1001,2.5,36.1,56.9,4,463,446,425,32.8,67.2,16.1,7.5,83.2,24,66,88,87,86,8
14K488,Brooklyn,Brooklyn,40.71504,-73.95465,8.2,15.1,494,2,54.7,40.3,2.4,391,406,391,52.2,47.8,17.6,3.6,79.6,13,92,80,82,81,6.83333333333333
14K685,Brooklyn,Brooklyn,40.70577,-73.95573,9,15.3,245,1.2,11.8,85.3,0,344,380,379,55.1,44.9,24.5,15.5,82.9,48,100,92,90,92,6.5
14K477,Brooklyn,Brooklyn,40.71196,-73.94043,8,15.3,598,1.3,45.8,50,1,393,390,394,48.5,51.5,18.9,16.6,87.8,23,74,83,86,80,7.5
14K561,Brooklyn,Brooklyn,40.71504,-73.95465,8.15,15.15,682,10,16.4,69.6,2.6,443,440,430,51.5,48.5,15,3.2,81.1,34,100,94,94,93,7
14K558,Brooklyn,Brooklyn,40.71504,-73.95465,8.15,15.15,595,4.2,31.6,60,2.4,415,424,407,23,77,26.6,4.2,78.5,53,100,98,97,96,7
23K514,Brooklyn,Brooklyn,40.66581,-73.9117,9.07,15.27,319,0.3,88.1,11.3,0,400,407,394,44.8,55.2,27.6,2.2,82.8,60,85,74,70,76,6.33333333333333
23K697,Brooklyn,Brooklyn,40.66581,-73.9117,8.2,14.4,390,0.6,83,15.7,0.3,394,399,412,65.6,34.4,22.1,3.1,80.5,40,54,85,79,80,6.33333333333333
17K122,Brooklyn,Brooklyn,40.6754,-73.93888,8.15,16.3,438,0.7,85.6,9.1,3,446,442,410,29.7,70.3,15.5,2.1,68.9,19,76,84,80,84,8.25
17K751,Brooklyn,Brooklyn,40.6754,-73.93888,8.3,14.45,373,0.8,85.5,8.8,1.6,406,405,396,71.3,28.7,13.9,2.7,89.3,17,77,88,85,85,6.25
16K455,Brooklyn,Brooklyn,40.67943,-73.93243,8.15,15.15,648,1.7,87.2,8.6,0.9,399,392,394,34.6,65.4,25.9,4.9,73.9,8,84,90,87,84,7
21K348,Brooklyn,Brooklyn,40.59359,-73.98473,7.45,15.45,290,5.5,72.4,16.9,3.8,367,374,361,11.4,88.6,19,4.1,75.2,13,52,87,80,80,8
21K690,Brooklyn,Brooklyn,40.60488,-73.99442,8,14.3,901,53.3,5.1,25,16.2,458,434,434,50.5,49.5,18,11.4,76.1,25,54,75,67,77,6.5
21K337,Brooklyn,Brooklyn,40.59359,-73.98473,9.15,16,358,25.7,8.7,24,41.1,424,343,337,34.6,65.4,2.5,81,91.3,57,79,89,86,88,6.75
21K572,Brooklyn,Brooklyn,40.59359,-73.98473,8.25,15.15,271,23.2,17.3,42.1,15.5,420,396,396,45,55,16.6,17.3,77.1,33,100,94,93,94,6.83333333333333
20K445,Brooklyn,Brooklyn,40.61342,-74.00365,8,15,3480,27.6,4,29,38.6,488,422,417,41.7,58.3,16.6,20.1,76.8,52,73,88,88,85,7
21K559,Brooklyn,Brooklyn,40.59359,-73.98473,8.15,15,271,13.7,51.7,26.6,7.4,369,379,378,55,45,23.2,2.2,89.7,59,100,93,89,89,6.75
21K468,Brooklyn,Brooklyn,40.59359,-73.98473,8,14.2,564,42.5,25.7,24.3,6.6,474,462,449,45.4,54.6,16,1.1,75.4,46,97,89,87,84,6.33333333333333
15K463,Brooklyn,Brooklyn,40.6696,-73.97926,8.25,15.12,285,6.3,46.7,37.5,7.4,408,435,415,58.6,41.4,20.7,12.6,80.4,24,68,64,61,67,6.78333333333333
15K684,Brooklyn,Brooklyn,40.6696,-73.97926,8,14.3,566,31.1,26,27.2,9.5,553,551,539,57.1,42.9,11,0.5,42.2,42,100,95,94,95,6.5
15K464,Brooklyn,Brooklyn,40.6696,-73.97926,8.15,15.15,423,3.6,46.4,36.5,7.9,405,377,395,45.2,54.8,22.5,10.9,78.5,11,66,89,85,87,7
15K462,Brooklyn,Brooklyn,40.6696,-73.97926,8.25,15.12,351,3.4,66.4,25.9,2,420,424,414,61,39,14,2,81.5,99,71,87,82,82,6.78333333333333
13K595,Brooklyn,Brooklyn,40.68538,-73.95427,8,16.15,364,0.8,84.6,7.7,3,505,464,456,50.3,49.7,11.3,1.1,62.1,67,95,92,89,94,8.25
15K656,Brooklyn,Brooklyn,40.68365,-73.98047,8.15,15,870,2,70.3,22.5,1.7,439,441,436,72.4,27.6,11.6,1.3,73.3,26,77,85,80,85,6.75
13K430,Brooklyn,Brooklyn,40.68811,-73.97675,8.45,15.15,5447,20.5,7.7,7.6,60.5,682,608,606,41.1,58.9,1.6,0.1,65.9,30,91,80,83,86,6.5
22K555,Brooklyn,Brooklyn,40.6492,-73.97169,8,15,605,4.6,72.2,9.1,7.9,502,495,493,63.6,36.4,6,0.2,73.4,43,100,93,85,94,7
20K485,Brooklyn,Brooklyn,40.63725,-74.02382,8,15,1329,16.3,7.7,56.7,18,475,440,445,45.6,54.4,22.1,6.5,79.2,19,85,92,92,92,7
32K545,Brooklyn,Brooklyn,40.69448,-73.92915,8,15.45,514,0.2,8,90.7,0.4,389,374,378,44.9,55.1,20,20,94.7,45,82,91,87,89,7.75
16K498,Brooklyn,Brooklyn,40.68893,-73.92108,8,15,596,1.2,71.1,23.8,2.5,395,401,383,38.4,61.6,17.1,2.7,84.2,27,48,78,79,79,7
16K688,Brooklyn,Brooklyn,40.69154,-73.93373,8.15,15.12,152,2,71.7,20.4,5.9,395,382,391,41.4,58.6,30.3,11.2,100,28,86,86,83,86,6.95
32K556,Brooklyn,Brooklyn,40.695,-73.92799,8.15,16.45,317,0.3,16.7,81.4,0.9,393,368,382,46.4,53.6,24,19.6,96.2,36,68,91,88,89,8.5
14K610,Brooklyn,Brooklyn,40.72264,-73.95258,8.45,15.5,383,2.9,55.9,38.1,1.6,367,381,328,3.9,96.1,29.2,7,74.2,28,74,85,84,85,7.08333333333333
14K632,Brooklyn,Brooklyn,40.72264,-73.95258,8,15,142,2.1,62.7,32.4,0.7,399,413,400,28.9,71.1,28.9,5.6,89.4,31,83,89,83,87,7
21K540,Brooklyn,Brooklyn,40.58924,-73.98175,8.13,15.05,2006,13.7,28.6,20.7,35.8,512,418,396,46.5,53.5,12.6,22.6,83.6,27,77,82,80,79,6.86666666666667
21K344,Brooklyn,Brooklyn,40.58212,-73.97289,8,15.15,560,43.6,22.5,22.3,10.2,436,430,421,45.5,54.5,18.9,10.5,100,48,79,86,84,85,7.25
17K548,Brooklyn,Brooklyn,40.6703,-73.96165,8.1,15,386,0.8,82.6,15.8,0.8,382,393,377,69.2,30.8,16.1,0.8,85.2,58,96,76,80,74,6.83333333333333
17K547,Brooklyn,Brooklyn,40.6703,-73.96165,8.3,16.15,453,1.3,80.1,12.6,5.3,419,411,416,39.7,60.3,16.1,7.1,83.2,30,94,84,82,82,7.75
17K590,Brooklyn,Brooklyn,40.66716,-73.95086,7.15,15.15,1271,0.6,90.9,3.3,2.9,525,500,481,55.2,44.8,3.5,0.5,72.8,44,41,88,85,87,8
17K600,Brooklyn,Brooklyn,40.67027,-73.96165,8.15,15.3,1499,0.9,89.5,5.7,1.8,408,424,407,70.4,29.6,16.8,9.5,78.2,17,80,78,78,76,7.25
17K524,Brooklyn,Brooklyn,40.6703,-73.96165,8.3,15.15,414,13.3,29,38.9,18.4,344,302,300,42.3,57.7,7.2,87.4,100,41,94,92,89,90,6.75
17K528,Brooklyn,Brooklyn,40.6703,-73.96165,8,15,246,2.8,82.1,13,1.6,377,386,375,47.6,52.4,15.4,14.6,86.6,33,100,89,88,87,7
17K543,Brooklyn,Brooklyn,40.64944,-73.95843,8,14.45,516,0.9,87.1,6.4,4,496,491,484,51,49,4.7,0.2,79.8,76,57,95,92,93,6.75
17K382,Brooklyn,Brooklyn,40.64944,-73.95843,8,15.3,505,0.8,84.6,12.3,1.7,386,397,393,42.2,57.8,19,6.7,81.8,15,79,83,79,80,7.5
17K537,Brooklyn,Brooklyn,40.64944,-73.95843,8,15,384,2.1,85.4,8.9,2.3,360,382,359,39.8,60.2,23.4,7.3,84.6,49,83,89,88,86,7
17K539,Brooklyn,Brooklyn,40.64944,-73.95843,8,15.4,445,2,82.5,10.6,2.7,377,382,356,32.8,67.2,19.3,8.5,75.5,28,96,91,88,85,7.66666666666667
17K408,Brooklyn,Brooklyn,40.64944,-73.95843,8,14.45,285,1.1,84.6,10.2,3.5,374,385,375,54,46,23.2,15.8,93.7,56,70,80,77,74,6.75
22K425,Brooklyn,Brooklyn,40.60976,-73.94845,8.1,14.48,3088,44.3,17.4,16.7,21.2,492,450,444,42.2,57.8,13.6,10.4,63.1,20,54,88,90,85,6.63333333333333
21K525,Brooklyn,Brooklyn,40.6205,-73.95923,8.05,14.45,3968,26.7,22.6,21.7,26.6,500,479,472,58.7,41.3,16.9,7.2,63.3,20,89,88,88,86,6.66666666666667
15K448,Brooklyn,Brooklyn,40.67986,-74.00148,8.3,14.5,685,9.3,38.5,45.3,5.8,401,411,404,49.2,50.8,33,6.3,74.7,23,77,86,82,85,6.33333333333333
15K667,Brooklyn,Brooklyn,40.65595,-74.0055,8.45,15.3,1333,6.8,8.5,77.3,7.3,398,380,381,46.1,53.9,22,16.4,79.7,34,89,91,90,89,6.75
23K493,Brooklyn,Brooklyn,40.67414,-73.91349,8.3,14.45,353,0.3,87.5,9.6,1.4,394,395,399,38,62,23.8,2.5,85,34,82,85,83,80,6.25
16K594,Brooklyn,Brooklyn,40.68046,-73.9222,8.45,15.15,226,1.3,81.9,14.6,0.9,377,396,386,58.4,41.6,23.5,1.8,100,20,89,91,89,92,6.5
22K535,Brooklyn,Brooklyn,40.58085,-73.93609,8.15,14.3,1081,59.1,10.2,10.6,18.7,563,534,543,56,44,12.9,0.6,46.8,25,71,79,76,84,6.25
21K410,Brooklyn,Brooklyn,40.58231,-73.96747,7.28,15.1,2341,20.1,39.8,23.7,15.1,441,422,422,39.1,60.9,15.4,13.4,69,11,94,83,84,81,7.7
21K620,Brooklyn,Brooklyn,40.58255,-73.96372,8,15.3,613,6.4,68.7,18.1,5.4,416,423,387,23.5,76.5,28.9,5.5,89.4,7,83,86,85,83,7.5
18K642,Brooklyn,Brooklyn,40.64184,-73.89869,8.1,15.2,309,4.2,79,12.3,2.9,362,396,393,31.4,68.6,20.1,10.7,74.8,46,100,80,78,78,7.16666666666667
18K566,Brooklyn,Brooklyn,40.63263,-73.9178,8.3,15.2,286,1.4,85,8.7,1.7,392,406,403,40.2,59.8,24.5,8,78.3,25,100,90,87,88,6.83333333333333
18K633,Brooklyn,Brooklyn,40.64184,-73.89869,8,15,432,0.2,81.9,13.2,2.8,404,427,424,69,31,14.1,2.3,92.6,12,70,85,81,80,7
18K617,Brooklyn,Brooklyn,40.64184,-73.89869,8,15.15,303,2.6,85.8,9.6,1.3,390,410,397,35,65,19.8,5.9,76.6,38,4,89,84,85,7.25
18K576,Brooklyn,Brooklyn,40.63263,-73.9178,8.3,15.3,331,1.2,88.8,6.3,0.9,386,408,402,40.2,59.8,19.9,1.8,70.4,24,91,93,91,90,7
18K567,Brooklyn,Brooklyn,40.63263,-73.9178,8.3,15.23,395,1.8,82,13.2,0.5,379,393,373,65.8,34.2,18.2,3.8,86.1,25,100,87,86,83,6.88333333333333
18K637,Brooklyn,Brooklyn,40.63263,-73.9178,8.33,15.19,308,1.3,86,9.7,1.6,381,397,390,39,61,23.1,7.1,78.9,52,100,89,88,85,6.76666666666667
32K554,Brooklyn,Brooklyn,40.69741,-73.91315,7.45,14.3,358,1.7,14.6,77,6.2,467,446,448,53.1,46.9,5.9,1.7,88.8,47,100,98,98,97,6.75
32K549,Brooklyn,Brooklyn,40.69696,-73.91082,8.15,15,405,2.5,20.5,76,0.5,365,357,357,52.6,47.4,19.5,21.5,100,40,100,92,91,89,6.75
32K403,Brooklyn,Brooklyn,40.69696,-73.91082,8,15,340,1.5,19.4,77.1,1.8,365,366,348,48.2,51.8,25.6,32.4,100,83,90,88,82,83,7
13K499,Brooklyn,Brooklyn,40.67851,-73.96207,8.15,15.15,504,1.6,83.5,12.9,1,379,395,385,44.2,55.8,27.2,3.4,85.7,27,74,89,82,83,7
25Q460,Queens,Flushing,40.76524,-73.82786,8.51,15.37,2186,3.7,23.7,51.1,20.3,444,407,405,44.8,55.2,13.9,20.7,74.5,25,57,81,82,76,6.76666666666667
25Q281,Queens,Flushing,40.7493,-73.82181,7.5,15,666,5.3,14.9,18.3,60.7,521,457,451,49.1,50.9,11.7,11,84.8,54,89,84,82,88,7.16666666666667
25Q263,Queens,Flushing,40.76041,-73.81838,8.4,15.3,437,2.5,2.5,38.4,55.6,481,323,323,40.5,59.5,2.3,81.7,94.5,74,100,95,95,93,6.83333333333333
25Q285,Queens,Flushing,40.76512,-73.79006,8,15,610,50.3,9.1,22.7,15.8,484,491,487,59.5,40.5,20,0.7,50,48,95,89,84,88,7
26Q495,Queens,Bayside,40.77187,-73.78039,8,15.3,3336,18.1,13,27.9,40.3,523,479,485,49.5,50.5,14.1,4.9,74.4,24,88,81,82,84,7.5
26Q415,Queens,Oakland Gardens,40.75239,-73.75608,9,16,3505,14.9,20.3,19.4,44.1,563,505,510,51.9,48.1,10.8,4.7,56.5,15,50,85,83,82,7
26Q430,Queens,Fresh Meadows,40.74056,-73.79285,8.3,15.15,4172,14.9,7.4,23.1,53.9,562,483,485,49.7,50.3,13.2,11.3,74.4,31,73,94,95,93,6.75
25Q252,Queens,Fresh Meadows,40.72452,-73.80943,8.38,14.57,557,19.2,19.5,21.8,36.2,516,493,486,48.5,51.5,14.5,2.5,60.1,66,100,90,83,89,6.31666666666667
25Q670,Queens,Fresh Meadows,40.7256,-73.81072,8,14.3,701,18.3,13,35.5,31.2,460,426,423,45.8,54.2,19,10.3,80.6,56,93,91,89,91,6.5
25Q425,Queens,Flushing,40.7387,-73.82479,9.08,15.47,3667,4.5,18.4,46,29.4,467,422,425,49,51,13,20.2,75.2,22,65,86,88,83,6.65
25Q525,Queens,Flushing,40.73441,-73.82142,8.2,15,1132,21.9,6.3,11.6,58.6,680,640,661,70.7,29.3,1.4,0,53.5,28,91,89,88,92,6.66666666666667
24Q550,Queens,Corona,40.73742,-73.85331,8.45,16,870,4.1,7.8,77.2,10.2,413,405,393,55.3,44.7,15.1,7.6,100,29,96,93,92,92,7.25
24Q293,Queens,Elmhurst,40.7433,-73.87057,8.3,15.3,479,5.6,7.9,71.8,9.8,435,424,418,55.7,44.3,15.7,4.6,74.9,58,91,96,92,94,7
24Q585,Queens,Elmhurst,40.72954,-73.88739,8.15,15.05,973,35.8,2,44.6,17.5,476,471,480,53.2,46.8,11.5,2,69.5,15,66,86,86,87,6.83333333333333
24Q296,Queens,Elmhurst,40.7433,-73.87057,8.3,15.15,378,0,0,99.7,0.3,340,320,318,49.5,50.5,3.7,78.6,90.5,62,90,91,90,89,6.75
24Q455,Queens,Elmhurst,40.74121,-73.87473,8,15.3,1921,4.3,8.3,61.4,24,434,401,389,43.1,56.9,11.8,28,73,42,82,92,93,89,7.5
28Q440,Queens,Forest Hills,40.72943,-73.84563,8.15,15.15,3840,30,9.6,33.8,24.6,517,485,483,52.1,47.9,12.8,5.7,64.5,9,71,87,86,86,7
28Q686,Queens,Forest Hills,40.71044,-73.85063,8,14.5,1035,35.7,4.2,46.9,11,460,448,449,47.7,52.3,15.5,3.2,59.2,20,80,89,88,89,6.83333333333333
24Q485,Queens,Ridgewood,40.71122,-73.90865,8.3,15.15,1828,18.9,4.5,65.7,9.7,452,422,416,41.9,58.1,16.8,21.2,71.5,15,77,83,83,81,6.75
29Q498,Queens,Cambria Heights,40.69554,-73.73492,8,14.45,525,1.1,81,11.8,5.5,384,409,401,58.7,41.3,16.4,3.4,78.7,13,83,82,82,79,6.75
29Q492,Queens,Cambria Heights,40.69554,-73.73492,8,14.25,433,1.6,72.3,11.8,9.9,380,418,388,37.6,62.4,12,6.5,81.3,40,86,72,68,71,6.41666666666667
29Q259,Queens,Saint Albans,40.70639,-73.75353,8,15.07,599,1.3,89.7,5.7,2.8,405,427,409,49.1,50.9,15,2.8,78.1,71,73,81,80,81,7.11666666666667
29Q265,Queens,Springfield Gardens,40.66823,-73.75684,8.1,15.07,491,1.2,82.7,9.2,3.7,384,407,400,45.6,54.4,15.7,5.9,82.5,20,96,90,90,88,6.95
29Q283,Queens,Springfield Gardens,40.66823,-73.75684,8,15.05,552,2.4,81,8.4,4.2,398,410,393,60.5,39.5,15.9,0.9,73.9,17,91,91,94,92,7.08333333333333
29Q248,Queens,Springfield Gardens,40.66823,-73.75684,8.1,14.57,492,1,80.7,9.1,4.3,423,422,403,43.3,56.7,13.8,3.7,72,22,50,84,75,80,6.78333333333333
29Q272,Queens,Springfield Gardens,40.66823,-73.75684,8,15.15,509,1.8,75.6,11.4,9.4,439,428,419,51.5,48.5,13.4,2,73.7,19,100,83,79,80,7.25
27Q650,Queens,Ozone Park,40.6894,-73.84064,8.1,14.34,959,12.3,10.7,35.6,35.5,489,457,451,31.2,68.8,11.2,0.4,70.4,24,92,88,86,91,6.4
27Q480,Queens,Ozone Park,40.67983,-73.83832,8,15.3,2634,2.9,23.9,37.9,31,418,401,395,44.4,55.6,15.6,19.4,89,19,88,85,83,79,7.5
27Q308,Queens,Ozone Park,40.67177,-73.84498,7.25,14.15,602,17.6,7.3,41.7,29.4,426,435,424,53.3,46.7,15.1,2.8,79.2,63,89,89,90,88,6.83333333333333
27Q475,Queens,Richmond Hill,40.69565,-73.83358,8,15,2175,5.4,13.6,48.2,31.4,413,406,399,42.7,57.3,16,21.3,85.4,30,57,86,83,82,7
29Q326,Queens,Hollis,40.71182,-73.77119,9,16,372,2.2,79,9.1,6.7,418,424,411,53.2,46.8,20.4,3.5,72.8,71,96,85,86,85,7
26Q566,Queens,Bellerose,40.7449,-73.72691,8.3,15.3,1120,8.4,48.1,17.5,24.8,453,434,439,52.8,47.2,19.9,1.9,63.7,28,95,83,77,82,7
26Q435,Queens,Queens Village,40.73282,-73.73965,7.45,15.14,1742,3.6,52.7,13,27,397,396,391,45.6,54.4,11.8,10.9,71.6,25,100,80,77,73,7.48333333333333
28Q680,Queens,Jamaica,40.71881,-73.8065,8,14.3,779,2.9,38.2,14.2,43.3,524,511,514,59.2,40.8,7.6,0.6,71.4,20,73,77,67,80,6.5
28Q350,Queens,Jamaica,40.71358,-73.79652,8.15,15,516,2.3,42.6,10.9,40.7,487,460,463,51.4,48.6,9.9,9.3,77.1,56,87,91,89,87,6.75
28Q328,Queens,Jamaica,40.71358,-73.79652,9,15.45,418,4.5,42.3,26.6,22.7,415,392,386,47.8,52.2,15.1,15.6,88.8,32,93,96,94,93,6.75
28Q896,Queens,Jamaica,40.70821,-73.80408,8,14.57,557,1.9,47.5,19.7,26.9,415,420,433,100,0,12.4,2.3,100,78,82,85,84,87,6.95
28Q310,Queens,Jamaica,40.71358,-73.79652,8.15,15,661,4.1,53.4,16.1,24.8,455,439,441,52.3,47.7,15.3,8.8,81.8,56,94,77,74,76,6.75
28Q505,Queens,Jamaica,40.70876,-73.80213,8,15.3,3286,3.8,30.3,28.8,34.5,448,432,426,53,47,10.3,13.7,82.3,32,89,97,97,95,7.5
28Q620,Queens,Jamaica,40.71588,-73.79882,8,15.3,2098,4.2,20.9,22.4,49,514,473,470,34.4,65.6,11.2,0.9,78.4,56,100,87,87,86,7.5
28Q325,Queens,Jamaica,40.71358,-73.79652,8.15,15,464,3,37.7,24.4,27.8,409,399,404,57.5,42.5,10.8,10.8,75.9,17,97,89,90,89,6.75
28Q284,Queens,Jamaica,40.69694,-73.78698,8,15,611,1.2,58,10.3,28.7,496,481,473,55.5,44.5,9,0.8,77.9,92,97,91,88,88,7
28Q687,Queens,Jamaica,40.701,-73.79815,8,15.18,426,6.1,7,10.6,75.4,701,621,625,45.8,54.2,0,0,64.6,20,65,90,85,91,7.3
28Q690,Queens,Jamaica,40.68618,-73.78408,8,15,604,1.8,66.4,18.9,10.4,410,431,409,47,53,18.9,2.2,72.5,46,94,80,78,79,7
27Q400,Queens,Jamaica,40.67553,-73.78343,8,15.3,679,1.5,75.4,13,7.5,366,372,364,43.9,56.1,21.4,6.8,76,12,55,81,80,76,7.5
27Q260,Queens,Far Rockaway,40.60199,-73.76283,7.45,14.05,409,0.7,59.7,37.9,1.5,410,418,407,41.6,58.4,21.3,8.6,77.5,25,85,87,82,82,6.33333333333333
27Q309,Queens,Far Rockaway,40.60199,-73.76283,8,15.15,637,2.7,50.1,37.7,6.6,422,424,415,51,49,17.4,10.5,77.1,42,94,90,89,86,7.25
27Q302,Queens,Far Rockaway,40.60199,-73.76283,7.45,16.1,381,2.1,49.1,43.6,4.2,372,362,352,40.9,59.1,17.8,18.6,77.4,24,100,90,88,84,8.41666666666667
27Q324,Queens,Rockaway Park,40.58601,-73.82309,8.45,15.3,368,14.7,46.7,30.2,3.5,357,381,376,40.8,59.2,19.8,5.2,100,18,89,83,81,79,6.75
27Q262,Queens,Rockaway Park,40.58601,-73.82309,8.15,15.04,683,10.7,53.2,29.1,6,427,430,423,48.3,51.7,14.2,1.5,100,59,98,94,94,94,6.81666666666667
27Q351,Queens,Rockaway Park,40.58601,-73.82309,8.3,16.2,397,3.8,52.6,33.5,5,399,403,405,46.6,53.4,21.4,5.5,100,36,96,85,80,77,7.83333333333333
27Q323,Queens,Rockaway Park,40.58413,-73.82568,8.45,15,1302,34.7,22.7,19.6,21.4,588,560,568,58.8,41.2,2.3,0,49.7,73,96,96,96,96,6.25
